{
  "nx_vals": [
    20,
    80,
    140,
    200,
    260,
    320,
    380,
    440
  ],
  "ny_vals": [
    20,
    80,
    140,
    200,
    260,
    320,
    380,
    440
  ],
  "fetch_times": [
    [
      0.10083925280099114,
      0.08585043326796342,
      0.09780917493626475,
      0.4841589805359641,
      0.1949676249952366,
      0.5659660972499599,
      0.6710496249996747,
      0.8518892166670412
    ],
    [
      0.18769569167246422,
      0.667884405539371,
      0.6954064416699112,
      0.8275141527953869,
      0.8229517084003116,
      0.9015513695310801,
      0.9805459250696003,
      0.8301232361312335
    ],
    [
      0.1252189806041618,
      0.7127435555215925,
      0.9042791749350726,
      0.9446870889281854,
      0.7761757750685017,
      1.0380167916649952,
      1.104619402733321,
      1.5197519722084205
    ],
    [
      0.5293905778089538,
      0.930724966727818,
      0.8975017555989324,
      1.1997727833377818,
      1.089128744470266,
      1.389941733338249,
      1.3311233055933067,
      1.6215228750603277
    ],
    [
      0.5351333583394686,
      0.8789057083350297,
      1.806249213855093,
      1.006705900002271,
      1.3396726249950006,
      1.4700489055908597,
      1.2090342139359562,
      1.8955747722725693
    ],
    [
      0.8068455611355603,
      0.8479248249980932,
      1.0090011082744847,
      1.140500400067928,
      1.312736869455936,
      1.492176133277826,
      2.568063741666265,
      2.9530628721307344
    ],
    [
      0.5400235638643305,
      0.9579536138645682,
      1.422297702667614,
      1.487867747200653,
      1.5899707527365534,
      1.9249116110693043,
      1.5441239055401337,
      1.6252447971996542
    ],
    [
      0.7592614666636411,
      0.8801493499428034,
      1.1859927055348332,
      1.4929830305433522,
      2.0999466555348287,
      3.0052837416684874,
      2.7097143027388184,
      3.0195012610716123
    ]
  ],
  "plot_times": [
    [
      0.02902815697016194,
      0.017529341632810728,
      0.01647180136060342,
      0.015886057009144375,
      0.021721386106219143,
      0.016110936016775667,
      0.017555720859672875,
      0.020098656959210832
    ],
    [
      0.0163942528461727,
      0.017013451464784644,
      0.01593952213491624,
      0.0161202250708205,
      0.016038109672566258,
      0.01984215276703859,
      0.017338172195013612,
      0.016273879232661177
    ],
    [
      0.016224754202024388,
      0.01577806395944208,
      0.02005359447405984,
      0.016283390290724734,
      0.015849073638673872,
      0.015836757010159394,
      0.021816690215685716,
      0.01822677507686118
    ],
    [
      0.015885970873447754,
      0.015956239045287174,
      0.016472484803913782,
      0.017791291667769354,
      0.020194159836197895,
      0.01752104153468584,
      0.020297922271614272,
      0.02101105966527636
    ],
    [
      0.015652081870939583,
      0.01600792766548693,
      0.016159834790353975,
      0.016008634667377918,
      0.020645928968830655,
      0.01614117093849927,
      0.01572482220362872,
      0.01620479878426219
    ],
    [
      0.0196726693577754,
      0.016090602695476266,
      0.01798270409926772,
      0.017872845839398604,
      0.016197077735948067,
      0.022300615227626015,
      0.01653634731968244,
      0.017782770989773173
    ],
    [
      0.01627224866921703,
      0.017059437476564198,
      0.017553066667945434,
      0.017973522100752842,
      0.018916163919493554,
      0.01848383332447459,
      0.019754616698871057,
      0.016993302723858506
    ],
    [
      0.01598280837836986,
      0.015976951434277,
      0.01807578067528084,
      0.016559704164198292,
      0.015923498667931805,
      0.016046406961201378,
      0.01606824027451997,
      0.020030928958052148
    ]
  ],
  "ideal_buffers": [
    [
      4,
      5,
      6,
      31,
      9,
      36,
      39,
      43
    ],
    [
      12,
      40,
      44,
      52,
      52,
      46,
      57,
      52
    ],
    [
      8,
      46,
      46,
      59,
      49,
      66,
      51,
      84
    ],
    [
      34,
      59,
      55,
      68,
      54,
      80,
      66,
      78
    ],
    [
      35,
      55,
      112,
      63,
      65,
      92,
      77,
      117
    ],
    [
      42,
      53,
      57,
      64,
      82,
      67,
      156,
      167
    ],
    [
      34,
      57,
      82,
      83,
      85,
      105,
      79,
      96
    ],
    [
      48,
      56,
      66,
      91,
      132,
      188,
      169,
      151
    ]
  ]
}